Харьков;
Тернополь;
Луцк;
Вінницька;Барський
Вінницька;Бершадський
Вінницька;
Вінницька;Вінницький
Вінницька;Гайсинський
Вінницька;Жмеринка
Вінницька;Жмеринський
Вінницька;Іллінецький
Вінницька;Калинівський
Вінницька;Козятин
Вінницька;Козятинський
Вінницька;Крижопільський
Вінницька;Ладижин
Вінницька;Липовецький
Вінницька;Літинський
Вінницька;Могилів-Подільський
Вінницька;Мурованокуриловецький
Вінницька;Немирівський
Вінницька;Оратівський
Вінницька;Піщанський
Вінницька;Погребищенський
Вінницька;Теплицький
Вінницька;Тиврівський
Вінницька;Томашпільський
Вінницька;Тростянецький
Вінницька;Тульчинський
Вінницька;Хмільник
Вінницька;Хмільницький
Вінницька;Чернівецький
Вінницька;Чечельницький
Вінницька;Шаргородський
Вінницька;Ямпільський
Волинська;
Волинська;Володимир-Волинський
Волинська;Горохівський
Волинська;Іваничівський
Волинська;Камінь-Каширський
Волинська;Ківерцівський
Волинська;Ковельський
Волинська;Локачинський
Волинська;Луцький
Волинська;Любешівський
Волинська;Любомльський
Волинська;Маневицький
Волинська;Нововолинськ
Волинська;Ратнівський
Волинська;Рожищенський
Волинська;Старовижівський
Волинська;Турійський
Волинська;Шацький
Дніпропетровська;Апостолівський
Дніпропетровська;Васильківський
Дніпропетровська;Верхньодніпровський
Дніпропетровська;Вільногірськ
Дніпропетровська;Дніпровський
Дніпропетровська;
Дніпропетровська;Жовті
Дніпропетровська;Кам'янське
Дніпропетровська;Кривий
Дніпропетровська;Криворізький
Дніпропетровська;Криничанський
Дніпропетровська;Магдалинівський
Дніпропетровська;Марганець
Дніпропетровська;Межівський
Дніпропетровська;Нікопольський
Дніпропетровська;Новомосковський
Дніпропетровська;Павлоградський
Дніпропетровська;Першотравенськ
Дніпропетровська;Петриківський
Дніпропетровська;Петропавлівський
Дніпропетровська;Покров
Дніпропетровська;Покровський
Дніпропетровська;П'ятихатський
Дніпропетровська;Синельниківський
Дніпропетровська;Солонянський
Дніпропетровська;Софіївський
Дніпропетровська;Тернівка
Дніпропетровська;Томаківський
Дніпропетровська;Царичанський
Дніпропетровська;Широківський
Дніпропетровська;Юр'ївський
Донецька;Авдіївка
Донецька;Бахмутський
Донецька;Великоновосілківський
Донецька;Волноваський
Донецька;Вугледар
Донецька;Добропільський
Донецька;Дружківка
Донецька;Костянтинівський
Донецька;Краматорськ
Донецька;Лиманський
Донецька;Мангушський
Донецька;Маріуполь
Донецька;Мар'їнський
Донецька;Мирноград
Донецька;Нікольський
Донецька;Новогродівка
Донецька;Олександрівський
Донецька;Покровський
Донецька;Селидове
Донецька;Слов'янський
Донецька;Торецьк
Донецька;Ясинуватський
Житомирська;Андрушівський
Житомирська;Баранівський
Житомирська;Бердичівський
Житомирська;Брусилівський
Житомирська;Ємільчинський
Житомирська;
Житомирська;Житомирський
Житомирська;Коростенський
Житомирська;Коростишівський
Житомирська;Лугинський
Житомирська;Любарський
Житомирська;Малинський
Житомирська;Народицький
Житомирська;Новоград-Волинський
Житомирська;Овруцький
Житомирська;Олевський
Житомирська;Попільнянський
Житомирська;Пулинський
Житомирська;Радомишльський
Житомирська;Романівський
Житомирська;Ружинський
Житомирська;Хорошівський
Житомирська;Черняхівський
Житомирська;Чуднівський
Закарпатська;Берегівський
Закарпатська;Великоберезнянський
Закарпатська;Виноградівський
Закарпатська;Воловецький
Закарпатська;
Закарпатська;Іршавський
Закарпатська;Міжгірський
Закарпатська;Мукачівський
Закарпатська;Перечинський
Закарпатська;Рахівський
Закарпатська;Свалявський
Закарпатська;Тячівський
Закарпатська;Ужгородський
Закарпатська;Хустський
Закарпатська;Чоп
Запорізька;Бердянський
Запорізька;Більмацький
Запорізька;Василівський
Запорізька;Великобілозерський
Запорізька;Веселівський
Запорізька;Вільнянський
Запорізька;Гуляйпільський
Запорізька;Енергодар
Запорізька;
Запорізька;Запорізький
Запорізька;Кам'янсько-Дніпровський
Запорізька;Мелітопольський
Запорізька;Михайлівський
Запорізька;Новомиколаївський
Запорізька;Оріхівський
Запорізька;Пологівський
Запорізька;Приазовський
Запорізька;Приморський
Запорізька;Розівський
Запорізька;Токмацький
Запорізька;Чернігівський
Запорізька;Якимівський
Івано-Франківська;Богородчанський
Івано-Франківська;Болехів
Івано-Франківська;Бурштин
Івано-Франківська;Верховинський
Івано-Франківська;Галицький
Івано-Франківська;Городенківський
Івано-Франківська;Долинський
Івано-Франківська;Івано-Франківськ
Івано-Франківська;
Івано-Франківська;Калуський
Івано-Франківська;Коломийський
Івано-Франківська;Косівський
Івано-Франківська;Надвірнянський
Івано-Франківська;Рогатинський
Івано-Франківська;Рожнятівський
Івано-Франківська;Снятинський
Івано-Франківська;Тисменицький
Івано-Франківська;Тлумацький
Івано-Франківська;Яремче
Київ;
Київська;Баришівський
Київська;Березань
Київська;Білоцерківський
Київська;Богуславський
Київська;Бориспільський
Київська;Бородянський
Київська;Броварський
Київська;Буча
Київська;Васильківський
Київська;Вишгородський
Київська;Володарський
Київська;Згурівський
Київська;Іванківський
Київська;Ірпінь
Київська;Кагарлицький
Київська;Києво-Святошинський
Київська;Макарівський
Київська;Миронівський
Київська;Обухівський
Київська;Переяслав-Хмельницький
Київська;Поліський
Київська;Ржищів
Київська;Рокитнянський
Київська;Сквирський
Київська;Славутич
Київська;Ставищенський
Київська;Таращанський
Київська;Тетіївський
Київська;Фастівський
Київська;Яготинський
Кіровоградська;Благовіщенський
Кіровоградська;Бобринецький
Кіровоградська;Вільшанський
Кіровоградська;Гайворонський
Кіровоградська;Голованівський
Кіровоградська;Добровеличківський
Кіровоградська;Долинський
Кіровоградська;Знам'янський
Кіровоградська;
Кіровоградська;Кіровоградський
Кіровоградська;Компаніївський
Кіровоградська;Маловисківський
Кіровоградська;Новгородківський
Кіровоградська;Новоархангельський
Кіровоградська;Новомиргородський
Кіровоградська;Новоукраїнський
Кіровоградська;Олександрівський
Кіровоградська;Олександрійський
Кіровоградська;Онуфріївський
Кіровоградська;Петрівський
Кіровоградська;Світловодський
Кіровоградська;Устинівський
Луганська;Біловодський
Луганська;Білокуракинський
Луганська;Кремінна
Луганська;Кремінський
Луганська;Лисичанськ
Луганська;Марківський
Луганська;Міловський
Луганська;Новоайдарський
Луганська;Новопсковський
Луганська;Попаснянський
Луганська;Рубіжне
Луганська;Сватівський
Луганська;Сєвєродонецьк
Луганська;Станично-Луганський
Луганська;Старобільський
Луганська;Троїцький
Львівська;Борислав
Львівська;Бродівський
Львівська;Буський
Львівська;Городоцький
Львівська;Дрогобицький
Львівська;Дрогобич
Львівська;Жидачівський
Львівська;Жовківський
Львівська;Золочівський
Львівська;Кам'янка-Бузький
Львівська;Львів
Львівська;
Львівська;Миколаївський
Львівська;Моршин
Львівська;Мостиський
Львівська;Новий
Львівська;Перемишлянський
Львівська;Пустомитівський
Львівська;Радехівський
Львівська;Самбір
Львівська;Самбірський
Львівська;Сколівський
Львівська;Сокальський
Львівська;Старосамбірський
Львівська;Стрий
Львівська;Стрийський
Львівська;Трускавець
Львівська;Турківський
Львівська;Червоноград
Львівська;Яворівський
Миколаївська;Арбузинський
Миколаївська;Баштанський
Миколаївська;Березанський
Миколаївська;Березнегуватський
Миколаївська;Братський
Миколаївська;Веселинівський
Миколаївська;Вітовський
Миколаївська;Вознесенський
Миколаївська;Врадіївський
Миколаївська;Доманівський
Миколаївська;Єланецький
Миколаївська;Казанківський
Миколаївська;Кривоозерський
Миколаївська;
Миколаївська;Миколаївський
Миколаївська;Новобузький
Миколаївська;Новоодеський
Миколаївська;Очаківський
Миколаївська;Первомайський
Миколаївська;Снігурівський
Миколаївська;Южноукраїнськ
Одеська;Ананьївський
Одеська;Арцизький
Одеська;Балтський
Одеська;Березівський
Одеська;Білгород-Дністровський
Одеська;Біляївський
Одеська;Болградський
Одеська;Великомихайлівський
Одеська;Захарівський
Одеська;Іванівський
Одеська;Ізмаїльський
Одеська;Кілійський
Одеська;Кодимський
Одеська;Лиманський
Одеська;Любашівський
Одеська;Миколаївський
Одеська;Овідіопольський
Одеська;
Одеська;Окнянський
Одеська;Подільський
Одеська;Ренійський
Одеська;Роздільнянський
Одеська;Савранський
Одеська;Саратський
Одеська;Тарутинський
Одеська;Татарбунарський
Одеська;Теплодар
Одеська;Чорноморськ
Одеська;Ширяївський
Одеська;Южне
Полтавська;Великобагачанський
Полтавська;Гадяцький
Полтавська;Глобинський
Полтавська;Горішні
Полтавська;Гребінківський
Полтавська;Диканський
Полтавська;Зіньківський
Полтавська;Карлівський
Полтавська;Кобеляцький
Полтавська;Козельщинський
Полтавська;Котелевський
Полтавська;Кременчуцький
Полтавська;Лохвицький
Полтавська;Лубенський
Полтавська;Машівський
Полтавська;Миргородський
Полтавська;Новосанжарський
Полтавська;Оржицький
Полтавська;Пирятинський
Полтавська;
Полтавська;Полтавський
Полтавська;Решетилівський
Полтавська;Семенівський
Полтавська;Хорольський
Полтавська;Чорнухинський
Полтавська;Чутівський
Полтавська;Шишацький
Рівненська;Березнівський
Рівненська;Вараш
Рівненська;Володимирецький
Рівненська;Гощанський
Рівненська;Демидівський
Рівненська;Дубенський
Рівненська;Дубровицький
Рівненська;Зарічненський
Рівненська;Здолбунівський
Рівненська;Корецький
Рівненська;Костопільський
Рівненська;Млинівський
Рівненська;Острозький
Рівненська;Радивилівський
Рівненська;
Рівненська;Рівненський
Рівненська;Рокитнівський
Рівненська;Сарненський
Сумська;Білопільський
Сумська;Буринський
Сумська;Великописарівський
Сумська;Глухівський
Сумська;Конотопський
Сумська;Краснопільський
Сумська;Кролевецький
Сумська;Лебединський
Сумська;Липоводолинський
Сумська;Недригайлівський
Сумська;Охтирський
Сумська;Путивльський
Сумська;Роменський
Сумська;Середино-Будський
Сумська;Суми
Сумська;
Сумська;Сумський
Сумська;Тростянецький
Сумська;Шосткинський
Сумська;Ямпільський
Тернопільська;Бережанський
Тернопільська;Борщівський
Тернопільська;Бучацький
Тернопільська;Гусятинський
Тернопільська;Заліщицький
Тернопільська;Збаразький
Тернопільська;Зборівський
Тернопільська;Козівський
Тернопільська;Кременецький
Тернопільська;Лановецький
Тернопільська;Монастириський
Тернопільська;Підволочиський
Тернопільська;Підгаєцький
Тернопільська;Теребовлянський
Тернопільська;
Тернопільська;Тернопільський
Тернопільська;Чортківський
Тернопільська;Шумський
Харківська;Балаклійський
Харківська;Барвінківський
Харківська;Близнюківський
Харківська;Богодухівський
Харківська;Борівський
Харківська;Валківський
Харківська;Великобурлуцький
Харківська;Вовчанський
Харківська;Дворічанський
Харківська;Дергачівський
Харківська;Зачепилівський
Харківська;Зміївський
Харківська;Золочівський
Харківська;Ізюм
Харківська;Ізюмський
Харківська;Кегичівський
Харківська;Коломацький
Харківська;Красноградський
Харківська;Краснокутський
Харківська;Куп‘янськ
Харківська;Куп'янський
Харківська;Лозівський
Харківська;Лозова
Харківська;Люботин
Харківська;Нововодолазький
Харківська;Первомайський
Харківська;Печенізький
Харківська;Сахновщинський
Харківська;
Харківська;Харківський
Харківська;Чугуїв
Харківська;Чугуївський
Харківська;Шевченківський
Херсонська;Бериславський
Херсонська;Білозерський
Херсонська;Великолепетиський
Херсонська;Великоолександрівський
Херсонська;Верхньорогачицький
Херсонська;Високопільський
Херсонська;Генічеський
Херсонська;Голопристанський
Херсонська;Горностаївський
Херсонська;Іванівський
Херсонська;Каланчацький
Херсонська;Каховський
Херсонська;Нижньосірогозький
Херсонська;Нова
Херсонська;Нововоронцовський
Херсонська;Новотроїцький
Херсонська;Олешківський
Херсонська;Скадовський
Херсонська;Херсон
Херсонська;
Херсонська;Чаплинський
Хмельницька;Білогірський
Хмельницька;Віньковецький
Хмельницька;Волочиський
Хмельницька;Городоцький
Хмельницька;Деражнянський
Хмельницька;Дунаєвецький
Хмельницька;Ізяславський
Хмельницька;Кам'янець-Подільський
Хмельницька;Красилівський
Хмельницька;Летичівський
Хмельницька;Нетішин
Хмельницька;Новоушицький
Хмельницька;Полонський
Хмельницька;Славутський
Хмельницька;Старокостянтинівський
Хмельницька;Старосинявський
Хмельницька;Теофіпольський
Хмельницька;
Хмельницька;Хмельницький
Хмельницька;Чемеровецький
Хмельницька;Шепетівський
Хмельницька;Ярмолинецький
Черкаська;Ватутіне
Черкаська;Городищенський
Черкаська;Драбівський
Черкаська;Жашківський
Черкаська;Звенигородський
Черкаська;Золотоніський
Черкаська;Золотоноша
Черкаська;Кам'янський
Черкаська;Канівський
Черкаська;Катеринопільський
Черкаська;Корсунь-Шевченківський
Черкаська;Лисянський
Черкаська;Маньківський
Черкаська;Монастирищенський
Черкаська;Сміла
Черкаська;Смілянський
Черкаська;Тальнівський
Черкаська;Уманський
Черкаська;Христинівський
Черкаська;Черкаси
Черкаська;
Черкаська;Черкаський
Черкаська;Чигиринський
Черкаська;Чорнобаївський
Черкаська;Шполянський
Чернівецька;Вижницький
Чернівецька;Герцаївський
Чернівецька;Глибоцький
Чернівецька;Заставнівський
Чернівецька;Кельменецький
Чернівецька;Кіцманський
Чернівецька;Новоселицький
Чернівецька;Путильський
Чернівецька;Сокирянський
Чернівецька;Сторожинецький
Чернівецька;Хотинський
Чернівецька;
Чернігівська;Бахмацький
Чернігівська;Бобровицький
Чернігівська;Борзнянський
Чернігівська;Варвинський
Чернігівська;Городнянський
Чернігівська;Ічнянський
Чернігівська;Козелецький
Чернігівська;Коропський
Чернігівська;Корюківський
Чернігівська;Куликівський
Чернігівська;Менський
Чернігівська;Ніжинський
Чернігівська;Новгород-Сіверський
Чернігівська;Носівський
Чернігівська;Прилуцький
Чернігівська;Ріпкинський
Чернігівська;Семенівський
Чернігівська;Сновський
Чернігівська;Сосницький
Чернігівська;Срібнянський
Чернігівська;Талалаївський
Чернігівська;
Чернігівська;Чернігівський
